"id","name","description"
distinctive_services_blockchain,"Blockchain","The blockchain is used for secure and decentralized solutions, such as smart contracts and cryptocurrency transactions."
distinctive_services_ai,"AI","The AI is used for automating processes, providing insights, and enhancing decision-making."
distinctive_services_retail_media,"Retail Media","The retail media is used for improving digital advertising and personalized shopping experiences."
distinctive_services_dropship,"Dropship","The dropship is used for streamlining order fulfillment without maintaining inventory."
distinctive_services_metaverse_solutions,"Metaverse Solutions","The metaverse solutions are used for creating virtual environments and immersive experiences."
distinctive_services_cloud_computing,"Cloud Computing","The cloud computing is used for scalable and efficient IT infrastructure."
distinctive_services_cybersecurity,"Cybersecurity","The cybersecurity is used for protecting digital assets from unauthorized access and threats."
distinctive_services_machine_learning,"Machine Learning","The machine learning is used for developing predictive analytics and adaptive algorithms."
distinctive_services_ar_vr_development,"AR/VR Development","The AR/VR development is used for immersive technologies in training, gaming, and marketing."
distinctive_services_iot_integration,"IoT Integration","The IoT integration is used for connecting devices and enabling smart systems."
distinctive_services_big_data_analytics,"Big Data Analytics","The big data analytics is used for processing and interpreting large datasets for insights."
distinctive_services_data_mining,"Data Mining","The data mining is used for extracting meaningful patterns from vast amounts of data."
distinctive_services_devops,"DevOps","The DevOps is used for streamlining software development and IT operations."
distinctive_services_crm_solutions,"CRM Solutions","The CRM solutions are used for managing and improving customer relationships."
distinctive_services_supply_chain_management,"Supply Chain Management","The supply chain management is used for optimizing the production and delivery processes."
distinctive_services_rpa,"RPA (Robotic Process Automation)","The RPA is used for automating repetitive and rule-based tasks."
distinctive_services_nlp,"Natural Language Processing (NLP)","The NLP is used for enabling machines to understand and respond to human language."
distinctive_services_elearning_platforms,"E-learning Platforms","The e-learning platforms are used for delivering online education and training."
distinctive_services_it_consulting,"IT Consulting","The IT consulting is used for providing strategic IT advice and solutions."
distinctive_services_custom_software_development,"Custom Software Development","The custom software development is used for building tailored software solutions."
distinctive_services_quantum_computing,"Quantum Computing","The quantum computing is used for solving complex problems at unprecedented speeds."
distinctive_services_digital_transformation,"Digital Transformation","The digital transformation is used for modernizing and enhancing business processes."
distinctive_services_it_support_maintenance,"IT Support & Maintenance","The IT support and maintenance are used for ensuring the seamless operation of IT systems."
distinctive_services_metaverse_development,"Metaverse Development","The metaverse development is used for building decentralized, user-driven virtual spaces."
distinctive_services_smart_contracts,"Smart Contracts","The smart contracts are used for automating and securing transactions on the blockchain."
distinctive_services_edge_computing,"Edge Computing","The edge computing is used for processing data closer to its source for faster insights."
distinctive_services_saas_solutions,"SaaS Solutions","The SaaS solutions are used for providing scalable and subscription-based software services."
distinctive_services_5g_integration,"5G Integration","The 5G integration is used for enabling high-speed and low-latency connectivity."
distinctive_services_generative_ai,"Generative AI","The generative AI is used for creating new content, such as text, images, and videos."
distinctive_services_sustainability_tech,"Sustainability Tech","The sustainability tech is used for reducing environmental impact through innovative solutions."
distinctive_services_aiops,"AIOps","The AIOps is used for automating and improving IT operations with AI."
distinctive_services_biometrics,"Biometrics","The biometrics is used for secure identification through physical and behavioral traits."
distinctive_services_digital_twin,"Digital Twin","The digital twin is used for creating virtual replicas of physical systems for simulation and analysis."